AR009211187B989185	0.3968178443102914
AR00A6H1187FB5402A	0.5140642764185136
AR01IP11187B9AF5D2	0.6347645563707436
AR02DB61187B9A0B5E	0.46482443158164183
AR02IU11187FB513F2	0.7221052981201719
AR02PUA1187FB52574	0.5860000582801564
AR035N21187FB3938E	0.7864270833791762
AR039B11187B9B30D0	0.7052876780775723
AR03BDP1187FB5B324	0.9473275066349645
AR04KTB1187B99B6B7	0.541611590603318
AR051KA1187B98B2FF	0.3511824538830121
AR0569B1187B9A4036	0.4950666609736366
AR059HI1187B9A14D7	0.37834796858643616
AR05IU31187B9B9A1A	0.5814752192996689
AR05OJD1187B9B99A6	0.6940981447257735
AR06EB01187FB40150	0.7227347576519445
AR06EHB1187FB42914	0.5842254221451431
AR07HWO1187B9A2189	0.3562783133800606
AR07VS41187FB37944	0.623696863115986
AR08DYV1187B99A0D7	0.41716442232685497
AR08GQF1187B98E316	0.47396333320767403
AR08YJF1187B9B2D59	0.5296593308867515
AR0A30G1187B9B183B	0.519969697661519
AR0AVIB1187FB37D01	0.5660243021595366
AR0B8CT1187B9B2CF3	0.4041050865374257
AR0CANF1187B9AF35F	0.8048388888270448
AR0CDSK1187FB52ED6	0.6042591441507558
AR0CWOB1187B99FA08	0.4780835210694756
AR0FGL21187FB56301	0.4221030433845711
AR0GB821187B99FE96	0.5102598287791791
AR0GGKI1187FB391D5	0.6226841673398639
AR0ILWV1187FB47CAA	0.5820347959534041
AR0JEOI1187B98B918	0.37703408512839853
AR0JPOG1187FB37383	0.5608748654166602
AR0JVUH1187B9918B5	0.2823175882878433
AR0KBXO1187B996460	0.9289369261885644
AR0LVFQ1187B9A84E0	0.4580551793630036
AR0N9BV1187FB3AD01	0.5564100130893208
AR0NQD81187FB3AD13	0.4420249810973847
AR0NS5Z1187B99AF79	0.5281976856823236
AR0O3AV1187FB4D030	0.7014417589824127
AR0OTEX1187FB3600D	0.44772507538755363
AR0PUK71187B9AC3C0	0.49219933133362154
AR0Q5531187FB45143	0.44545686100701365
AR0QL3J1187FB3748E	0.588140722447072
AR0QS8F1187B9ADC96	0.4986768303970954
AR0QT3O1187FB56860	0.5227140752907256
AR0RCMP1187FB3F427	0.5237146369702328
AR0S0EO1187FB490BE	0.5182916460696715
AR0S7TA1187FB4D024	0.831240276991066
AR0SY101187B9B44BE	0.4727702742433131
AR0U44O1187B99007C	0.6147555886925882
AR0V36F1187FB366B1	0.6626702064875899
AR0VR1O1187B9A0F1F	0.5960115042023844
AR0VS771187B99564F	0.31986832417895167
AR0WAW61187B98B7D7	0.467413843769302
AR0WGXC1187B9AAC99	0.6748394358233949
AR0WLH6119B8669027	0.7957297002375034
AR0WQ1Q1187B992E16	0.3467445104799772
AR0X3JJ1187FB3A9A7	0.6357570221000797
AR0XSOO1187B9B9E88	0.7004466143862085
AR109IQ1187B98E487	0.5013627000835964
AR10USD1187B99F3F1	0.8011364496076413
AR11NP91187B9901B4	0.5736089453458388
AR126G61187B9B88A6	0.48446304405210033
AR12F2S1187FB56EEF	0.8725365986697359
AR12P091187B99B50F	0.29107024504882967
AR137UW1187B98CCBA	0.4508531903230766
AR13CXU1187B9AD30A	0.775797362701256
AR14CJ91187FB3A994	0.5641289501467455
AR1518Q1187B98A906	0.5632405474233795
AR15O341187B9B182C	0.34416504941451576
AR16GSC1187B9A6291	0.7670202104042977
AR189B91187B9B8D9C	0.6949834090734855
AR18B3W1187B9A5AAA	0.330647051543128
AR198711187B9AD09F	0.7315905924570357
AR19JS91187B98CB66	0.5248213928703827
AR19QNR1187B9A13C5	0.7756003458272162
AR1ABAO1187FB531E1	0.8389243105071171
AR1CB5G1187B9AFB8E	0.7978900102192453
AR1CD5Z1187B98F2C2	0.725974866335633
AR1DGSO1187FB59B15	0.4507431775216858
AR1DLF21187FB3CBF0	0.5650898922038983
AR1DR0E1187FB48F61	0.6033831452716363
AR1E4V11187B99F400	0.5692453957724605
AR1H4F51187B9946A5	0.5084959132612856
AR1HK7B1187FB55747	0.6326087489832906
AR1IY3B1187B98B384	0.47921800091105654
AR1IY711187B9B0B50	0.6069013824965412
AR1J7881187B9959D8	0.6623740258876866
AR1JD6E1187FB5696C	0.6018919753027975
AR1KMPF1187B99AA98	0.5575710592101126
AR1LQNB1187B9A6AE5	0.5228881319295446
AR1M7ZD1187B9B0D55	0.4130268847551261
AR1N6N61187FB4E25E	0.5400377489797789
AR1NJEP1187FB4F4C1	0.5932406439494342
AR1OBRC1187FB59AD4	0.8421933500213756
AR1PCLK1187FB5BBFF	0.6987704777958721
AR1PNWN1187FB4A404	0.5975318646122364
AR1PQYO1187B98BEC9	0.3512692911825123
AR1Q25M1187B9B0D73	0.7456251877421854
AR1RHCO1187B9AF0BF	0.5781036297198625
AR1RZ1E1187FB5A62E	0.4578713261283557
AR1S5O61187B9898AC	0.48656264320237363
AR1SFKQ1187B98AF13	0.49191077140417266
AR1SQSG1187B9AC782	0.7005700650188338
AR1VCLT1187FB4C8AC	0.592494980055643
AR1W3MA1187B99E6D8	0.49089798839115084
AR1WDRJ1187B9BA4B8	0.5033546141595812
AR1WU211187FB57E2B	0.6098143603684099
AR1XE381187FB4C685	0.5889385097500909
AR1Y2PT1187FB5B9CE	0.5605579839038146
AR1ZHYZ1187FB3C717	0.3632805711099885
AR1ZKBE1187FB53629	0.7415181300427279
AR1ZYLH1187B98C159	0.6797486325747923
AR219DK1187FB4CEFC	0.7906959390804409
AR21JV01187B999138	0.1842501468246894
AR22KLC1187B98E812	0.5008761600501868
AR23C041187FB4D534	0.8834870797750511
AR23EC41187FB4805D	0.40982763502826935
AR23MLO119B8668CDA	0.35075530760411905
AR243ZT1187B9A98D2	0.5344643522287597
AR25WM21187FB461B3	0.5527198181144033
AR261YW1187FB374B3	0.6964509393416217
AR26X1C1187B9B0A1B	0.6632319848008446
AR280881187B98BA28	0.5220082325065756
AR2BG0R1187FB398C3	0.6279174684114319
AR2C9UQ1187B98E69F	0.3844239498735387
AR2CM6U1187B999EB7	0.5536370861963962
AR2EO6H1187B9A3B92	0.6752954694563452
AR2F0FX1187B9A9ECE	0.4815999489122195
AR2F4501187FB3EC2E	0.5381047484704279
AR2FAMK1187FB4CF60	0.909247283466974
AR2FSX31187B98E3EF	0.7309590855000573
AR2G8UI1187FB3F33C	0.42830026735594934
AR2GU4Y1187B99F35E	0.5531289992569581
AR2HXXS1187B9AF3E2	0.592472072955975
AR2K2CM1187B98D4F1	0.5253329136601428
AR2KSTE1187FB57A36	0.7981586559379212
AR2L2GV11C8A42C818	0.31970494188633497
AR2MD2P1187FB5B328	0.5444882011096359
AR2MEUK1187B992D1B	0.6061934961059625
AR2NJG71187FB5203E	0.6741604753853119
AR2O3B51187B98CD94	0.6377721594176248
AR2O84Q1187FB5BF74	0.6420304768201044
AR2OPWW1187B9A5057	0.6167528648398227
AR2PNSZ1187B9AF0A4	0.3863837750240484
AR2PT4M1187FB55B1A	0.5615899458566065
AR2S4CA1187B99632E	0.601245988380812
AR2SMD91187B9B0582	0.6992620557763054
AR2VJMU1187B9947AF	0.496043251826968
AR2VROU1187FB532D7	0.604282094145912
AR2XBPG1187B98FCBE	0.5481800931268294
AR2XH7R1187B998D30	0.4629752876327947
AR2XI6G1187B9AE7DA	0.8229085341315785
AR31BYO1187FB5336C	0.5928931298703243
AR323JD1187FB483D0	0.6297324888091065
AR32ETX1187B9A792F	0.5855140069713186
AR32JLC1187B9946AF	0.6245733790794018
AR342K51187B98B571	0.5908045142095237
AR358YS1187FB44A29	0.38230828283667867
AR3752L1187FB4B67E	0.48489313119554395
AR3793X1187FB50CB3	0.643182772912233
AR37K6O1187B9AD049	0.6059472299047571
AR37XMN1187B9AC408	0.6632296875667867
AR38I491187B9B2F2D	0.5964418981135212
AR3AIEI1187B992D8D	0.44585867085349606
AR3C3C01187B98E800	0.43053890741728074
AR3DYAD1187FB3964E	0.586607818405982
AR3FE581187FB3F90A	0.6178386711730818
AR3GYKU1187B996AB9	0.34173223003613984
AR3J4WZ1187B9B17ED	0.6319790854692059
AR3KXHI1187FB3A8BF	0.5144145542022819
AR3L4P91187FB42189	0.5909590020527186
AR3LA671187FB567E4	0.4849102432550351
AR3N2H11187B98AFBA	0.4796207472295076
AR3N54Z119B86681C9	0.42704757110404334
AR3NPVS1187FB5108F	0.5908165135922658
AR3O66A1187FB39519	0.5379505190876106
AR3PDNJ1187B9AF3F0	0.6061025147262629
AR3QRJ91187B98E4C2	0.6129531542390639
AR3SEQM1187B98E9E8	0.6297490400005165
AR3THYK1187B999F1F	0.6451923387467661
AR3TITY1187B99E790	0.6874832051565415
AR3U3G01187FB58BA7	0.4139599417431624
AR3UFKE1187B9B186E	0.29737691859371995
AR3VSHF1187B9B3002	0.6665640069793988
AR3YBMD1187B99F15C	0.5050095631044134
AR3YJMO11C8A42B348	0.5173065736688823
AR3ZV061187FB3C821	0.4496634443556399
AR40GSU1187FB3AA01	0.8176351463612579
AR41ESB1187FB360B1	0.6740231561759062
AR41O131187FB51448	0.6164539996521629
AR449OQ1187B99B25E	0.41438565329753885
AR45KNL1187B992E53	0.47572156673067817
AR46CAD1187FB4D84B	0.858677441848304
AR49A9P1187FB3BBBF	0.5287500603890649
AR49IQD1187FB37EA7	0.7475565811197784
AR49REC1187B9AFDF4	0.4265943777501475
AR4AR1R1187B98E76F	0.5941718921816072
AR4B1LP1187FB55C83	0.42960301672957957
AR4B3RX1187B9A868A	0.6098164034430794
AR4BDNG1187FB44870	0.7555663977335099
AR4C6V01187FB3BAF4	0.7225705735101466
AR4CG3B1187FB5B861	0.5749739006961437
AR4CH531187FB4EA21	0.6460213427696081
AR4CL6I11C8A4158B4	0.3712816797546315
AR4EVIX1187B993DE9	0.5449794475871426
AR4GAFY1187B9B639D	0.7087354000378394
AR4GP451187FB3F2BB	0.5168736834341928
AR4IWYN1187FB47DF6	0.6128375038274145
AR4JY8V1187B98A62F	0.5067739684898172
AR4L4WQ1187FB51996	0.6386140224507543
AR4O3MM1187FB3DF77	0.49643679591393547
AR4OHL91187B9B2EB9	0.26471398656972184
AR4PQ891187FB5CA9F	0.6479336219623286
AR4QYVC1187B99985B	0.4870777511346747
AR4R0741187FB39AF2	0.6591394768219538
AR4R84C1187FB3EC16	0.47432901969918567
AR4R9BI1187FB44767	0.6839515036360737
AR4SOKG1187B98D2B0	0.535492536483497
AR4TLW81187B99683D	0.6411975149842052
AR4WHYC1187B9896E7	0.7700406945158101
AR4YY6D1187B9AEC44	0.5592635021882576
AR4ZLZI1187B9B72D0	0.6193969334378435
AR502DZ1187B98F8E1	0.291433259678306
AR508LN1187B996F4E	0.5718337959362857
AR51YM81187B9B536C	0.6035759828151032
AR52EZT1187B9900BF	0.9339161063701853
AR531IG1187FB59B35	0.5545485497819551
AR553M51187B98BCE7	0.43821309397873004
AR557N41187FB3E67F	0.6525086437067091
AR567PN1187FB4B4F2	0.6025555891290453
AR56P361187B9AC4DB	0.7613622384458618
AR576O51187B990C30	0.5077968849276677
AR58SJE1187B9A8E4C	0.5205537457116164
AR5995Z1187B9A112B	0.3266997281304141
AR59C6A1187B9B2143	0.4965930646067649
AR5AXVN1187B9A2761	0.4387847953340276
AR5BBK81187B990027	0.7434588836323218
AR5BLB01187FB57E99	0.5306310767175533
AR5GLIU1187FB4638A	0.5061267738918808
AR5IDI61187FB43E75	0.509380155077496
AR5J8N51187FB54ED9	0.40132798622497184
AR5K96N11C8A421849	0.027730375787217293
AR5M4GN1187FB3F2F6	0.5785174144965888
AR5MK521187B98E0B8	0.6309286076787999
AR5MSL51187FB52E11	0.06532732813951624
AR5O6W51187FB46984	0.7188102099645777
AR5OB9M1187FB52F29	0.757389969929311
AR5OH1V1187FB574C3	0.7708477509677532
AR5OH2Z1187B9A46A9	0.7890184885219758
AR5OHUU1187FB55B10	0.548738642273159
AR5R7791187FB3A8C3	0.47738713372834984
AR5RVV91187B9A4238	0.3293667099902436
AR5S26K1187B9A3141	0.6508959708087062
AR5T4YC1187FB5915E	0.508421718374864
AR5TQ1T1187FB59492	0.5870237387492154
AR5U94U1187FB5CDCF	0.5906929179471623
AR5WPYF1187B9B40DA	0.6716106398358989
AR5ZI3K1187FB38BE0	0.34858259750671267
AR5ZJLK1187B9B3A8E	0.41424422917234577
AR5ZVJ91187B99083A	0.8030873549481594
AR5ZY7R1187B996302	0.4420305132891076
AR60C3O1187FB46737	0.6051157892275887
AR60KPK1187B9A7552	0.7202120515210989
AR60ZZX1187FB52E29	0.5856807038724409
AR61JEC1187FB54A9F	0.46741142804425784
AR62MPO1187FB46421	0.6097422428441396
AR62SOJ1187FB47BB5	0.6545949824426542
AR633SY1187B9AC3B9	0.8311971771073585
AR63RWN1187FB3E89A	0.4979421060663372
AR65K7A1187FB4DAA4	0.8869608887039476
AR65OLD1187FB5C103	0.8598733119890262
AR6742W1187B989AA9	0.22652306712844333
AR67FTZ1187B9975EC	0.6429072492271951
AR6892W1187B9AC71B	0.8045235206697148
AR6896B1187B98FADA	0.46025092210598406
AR695PK1187B996E35	0.5209330793305875
AR69GPS1187B99E556	0.5940475040246616
AR6AGJV1187FB504BA	0.6680872955603172
AR6BHP31187FB365E1	0.5172745924496447
AR6BIWA1187B9ABAE8	0.49199116368977047
AR6BUE51187B9B5D71	0.5375333077362084
AR6BYC41187B996DD0	0.3940552461948827
AR6C6VO1187FB4E267	0.5578578500456283
AR6CFZ71187B99AE5B	0.7448737192619159
AR6CLFP1187B9ACB94	0.7133221465467205
AR6DGPH1187B998587	0.44566129114396935
AR6ET9I1187FB53C65	0.6302474951043119
AR6EVQA1187B9AA1DF	0.595645308494379
AR6F6I21187FB5A3AA	0.8345385855902719
AR6G4V01187B9AD086	0.7986451787418826
AR6GJDZ1187B991E46	0.6978878220170739
AR6GR981187FB5184A	0.6800422556189691
AR6GSIE1187B98C3C7	0.4110451346174999
AR6HAZT1187FB4A3AA	0.6052783033175688
AR6HEHH1187B9985F9	0.40784999659664595
AR6HFW21187B9A8922	0.5877685882096468
AR6HLKR1187B9A735A	0.5259050721449718
AR6I54S1187FB48C6B	0.7161017052367913
AR6IJJ41187B98C872	0.5758447565611612
AR6IRG41187B9A4D98	0.5040756699303163
AR6JVK31187FB58FE3	0.7225592971714011
AR6KK741187B98C9E9	0.46359371861967325
AR6KNZ01187B9A35D1	0.5163803399025109
AR6OTKA1187B9B6697	0.6468808706241459
AR6PJ8R1187FB5AD70	0.8573199009058027
AR6Q6PN1187B9A01E1	0.18866769491688626
AR6TD9K1187B9A207D	0.553104832920521
AR6TZJQ1187B9AD572	0.5617448040205617
AR6UQ8H1187B99DA9E	0.46096129298474203
AR6UVLC1187B9B4D4C	0.6273614470848322
AR6W9T51187B9A8B8E	0.3602418012082646
AR6XZ861187FB4CECD	0.840409662154377
AR6YDKV1187B989230	0.4823560425909108
AR70C8A1187B99B56D	0.43822036429742134
AR71A931187B99CDD9	0.6228749388799568
AR74J3U1187FB5CDDB	0.4442057442376972
AR74Q3R1187B9B24C3	0.8019892159693104
AR76DOS1187FB5AE78	0.7168543517689351
AR76YOD1187FB46B24	0.44492124991776066
AR77B521187FB4CC70	0.5144257731669367
AR77FBJ1187FB49D8D	0.48800888180325214
AR78WG01187B98E404	0.5422327171052012
AR78ZID1187B9B31ED	0.5856831498303938
AR7AA2D1187B98B415	0.5532839112888692
AR7AE0Q1187B9AE30E	0.6023606962633052
AR7AOEJ1187FB3D279	0.5794241084560094
AR7AYQG1187B994B3F	0.5961723810558557
AR7BMMV1187FB5B2D7	0.6048204319182022
AR7C6G11187B9B4C1E	0.8771194242780367
AR7CCCC1187FB578FF	0.540750151435823
AR7CCS31187B98C531	0.4480253455381388
AR7DFJP1187B992F13	0.7036648899166419
AR7G5I41187FB4CE6C	0.6303823341467806
AR7GOK91187FB455F5	0.6174214066397045
AR7GYNZ1187FB44803	0.34950747840381585
AR7ISJJ1187B9B2CD6	0.47498345822785915
AR7IYVY1187B9A2648	0.5723384267593626
AR7KA5V1187FB44E6B	0.6087035683375998
AR7LIU31187B98EF11	0.4048233033081587
AR7MNIX1187B9A2A68	0.6897930711489744
AR7N7MI1187FB46935	0.7714921495221693
AR7NNKG1187FB4AA1C	0.6200271891846529
AR7OEB71187B995A17	0.3809058802724405
AR7PPJV1187FB397CC	0.5831788310422134
AR7QCFK1187B98D320	0.3145511332616213
AR7S6JV11A348F0C69	0.5508627546551241
AR7TTS41187B9B42D3	0.7011808736075507
AR7U5BZ1187B997FFC	0.6379952871042047
AR7UBXR1187B9AA0FB	0.6045860441995654
AR7XU1L1187B98D481	0.46999196321207876
AR7Y6JX1187FB4D9B3	0.7262980274461062
AR7Y8LR1187B991B6F	0.45391253330281833
AR80RBU1187FB3757D	0.3666783310922907
AR80YG31187FB58A13	0.28765341099352953
AR813LR1187FB3F83A	0.5891748758775349
AR81BPV1187B9AED0E	0.5208103958726524
AR828WL1187FB47E81	0.5895126341409691
AR82DJK1187B991107	0.7552612147445196
AR82GTS1187FB5662F	0.5971133618583602
AR8360R1187FB47C18	0.49637812033617396
AR858UO1187FB437B4	0.46299609437200084
AR85QTQ11A348EFF96	0.6987719661834079
AR898OD1187B9A14BB	0.576164587420235
AR8ACFK1187B9B4063	0.5380855007945653
AR8AZTM1187FB3FB9C	0.4675314419005862
AR8B1WY1187FB38366	0.70126070053786
AR8B7SK1187FB5322E	0.6908937760116328
AR8BMEQ1187B9B4214	0.3911088846318064
AR8CT8U1187FB4D803	0.6797935559497998
AR8E1KA1187B9A18C3	0.3144120686970283
AR8FMEN1187FB4A657	0.6098197611515211
AR8I87E1187FB57E2E	0.45240058187088594
AR8IEZO1187B99055E	0.5100108708258073
AR8IXB41187B9A4EED	0.4246121307246204
AR8K6F31187B99C2BC	0.4923218705874481
AR8L3QV1187FB4C0BB	0.5409710945993634
AR8LD3R1187FB4D08F	0.42338584679609104
AR8LMZM1187B9A8160	0.7057458180209083
AR8M6LC1187B998D48	0.6323196407600796
AR8OA0X1187FB4FE50	0.40550299281106406
AR8OSA91187B9B9BA2	0.4009936870859755
AR8PL5L1187FB37A10	0.6079199780130808
AR8Q4RZ1187FB46BDC	0.6119429558981506
AR8RXRI1187FB4104B	0.8627954137489581
AR8SBT41187B9A5FD9	0.5106918719612981
AR8SRQ31187FB4D477	0.6833885166889893
AR8TCLH1187B9A85E4	0.5888118808171499
AR8U8G41187B9A833B	0.6205019249164577
AR8UA7Z1187B9AD9C9	0.5586792493895179
AR8V1WA1187B9AD9E9	0.8788113434932
AR8W8DN1187FB35ED0	0.46070198275739216
AR8WHEJ1187B98CDCA	0.5336501394878035
AR8WVQY1187FB3FA10	0.49915741844100164
AR8XG9J1187FB418C1	0.5892596782086101
AR8YV0M1187B99F3E8	0.5254919176075387
AR8YV1I1187FB45D2B	0.5138295872991763
AR8ZQ9T1187FB56FE5	0.7291494406802604
AR90X8J1187B995250	0.5177132109829392
AR90Z4C1187B98A260	0.40417337085561617
AR91BST1187B98F9A8	0.394428771407274
AR91DZT1187FB4C599	0.6220796469013531
AR91GW21187FB4F642	0.6512975404193961
AR93K7R1187B9AC92A	0.4804019702957005
AR93RTI1187B98ECFB	0.45085268513440907
AR95CRV1187B9AFD6D	0.4798485215511121
AR95F611187B99CE1C	0.3341676517250151
AR9696A1187FB550A1	0.34092589888196445
AR97EHA1187B98AD5F	0.521672995280826
AR97V5X1187FB4AE98	0.6558886686737124
AR9A5TK1187B9AD07F	0.552704814467477
AR9C8IE1187B9ACC99	0.9099575227418693
AR9FEO71187FB5981F	0.05210341402672108
AR9G2A41187B99951A	0.4980571227641643
AR9JJ761187B9AF496	0.4960200585625883
AR9JLBU1187B9AAEC4	0.5116634453722071
AR9JNFU1187B9B9868	0.7067199164196245
AR9K6SJ1187B989A32	0.4858832058048417
AR9LT7R1187FB4543A	0.4858555956731805
AR9O0LF1187B99D0D1	0.6380733763602572
AR9OLFX1187B9A5762	0.49883497525793824
AR9OTFC11C8A415220	0.5003993096971188
AR9Q3LP1187FB3D647	0.460409667072096
AR9RTS51187B996CC8	0.5958117467766225
AR9ST641187B99B4DE	0.6242003276351012
AR9SU0S1187FB53D0F	0.644478694650085
AR9UPVA1187FB51260	0.04885290339165737
AR9UT8H1187B9AF504	0.38472013841978675
AR9VEMN1187FB4D75B	0.6575786211982945
AR9W3X91187FB3994C	0.6876383787904803
AR9XDAA1187B99768F	0.33895602238826
AR9XPQF1187FB5A693	0.32442221675811933
AR9YI7H1187B9960E3	0.4500535683334133
AR9YV621187B99373E	0.594832623751445
AR9YWMS1187FB43A34	0.7497969594005849
ARA1UU51187FB5A70B	0.8537258567195347
ARA2GMZ1187B98CB13	0.33545213389885764
ARA373P1187B9A74C7	0.4097966205990625
ARA3O2C1187B989063	0.5618215107787774
ARA65601187FB57BD9	0.7186723497523851
ARA6QLT1187FB4CB89	0.5941381543935025
ARA7EEC1187FB4C392	0.6495831072184148
ARA7YDA1187B9A5776	0.656727793198889
ARA8DDQ1187B9AE3A0	0.5552772243406455
ARA8O8L1187B9AD61D	0.6117711132155927
ARAA1VM1187B994013	0.36937303315848574
ARAA88L1187B9A29C1	0.6220309719252669
ARAAP251187B99DDE0	0.565624721495558
ARABFU01187FB46712	0.5270787639041354
ARABTW91187FB3A73B	0.505602747927844
ARADCSF11F4C8416CD	0.5972871783303596
ARAEX7Y1187FB42D36	0.7379725284001423
ARAFRFP1187FB4230B	0.47877083386113156
ARAGMIV11F4C843F78	0.334456512170269
ARAI2ZO1187B9A0536	0.6165944671658793
ARAI3SX1187B9A3A9A	0.4047560701585289
ARAIABB1187B9AC6E2	0.5673132241223214
ARAIJG51187B9B97A4	0.5516825262838522
ARAILOU1241B9CA8CD	0.4564680724485116
ARAJ5XN1187B9B578B	0.5053782030752867
ARAJRG51187B9B4BEF	0.4490708989319611
ARAK3HK1187FB51B38	0.514169944562831
ARAKARO1187B9A1EB6	0.8017005914627919
ARALEAC1187B9902A8	0.547230937778038
ARALP6I1187B989E27	0.66229870965635
ARALUUG1187FB58696	0.6238237678518292
ARAMB6Q1187B99DE68	0.4396285774270355
ARAMIDF1187FB3D8D4	0.5567508230551141
ARANOZN1187B9B373E	0.7272303154628746
ARAO0RA1187FB587F2	0.6023595605123008
ARAPH9U1187B9B34F0	0.787877770105966
ARAPI451187B9B6E6F	0.5582453092722094
ARARFT81187FB41EEA	0.37813013436299636
ARASOUV1241B9C975C	0.2596329272951822
ARASWKT1187B9923B7	0.47161281018282714
ARATH401187B98A7DE	0.5093637265084334
ARAVWPR1187FB4736D	0.7504920750583212
ARAWBUP1187B9B93FC	0.46421098325082955
ARAWNNA1241B9C726F	0.5907290973418283
ARAXU5Z1187B98FECD	0.805254199321678
ARAZCWP129462A97F1	0.7802643808005791
ARB054P1187B9AD32E	0.81110807448284
ARB06Z71187B99049A	0.4771800087520739
ARB0WNP1187B9AC4AB	0.705491779875456
ARB1KC91187FB38B13	0.5514685146024969
ARB29H41187B98F0EF	0.7068276713044582
ARB336A1187B9A4583	0.6548608223430427
ARB3YS71187FB4E54E	0.6796169574734832
ARB45GQ1187B98D2B4	0.4211327253844579
ARB4ROA1187B9ACAEC	0.6229404275724348
ARB5TJM1187B9A71FD	0.6364366724208069
ARB78VW1187B98F81C	0.5637486273655298
ARB8KZ11187B9A21ED	0.7244705001248639
ARBAGAS11F4C8461F0	0.04829221750081509
ARBAW9R1187B98FB6B	0.9009676339614727
ARBB58Y1187B9B621B	0.4268827623466008
ARBCUNV1187B98A9FB	0.8098280918397787
ARBE5BJ1187B98BCFD	0.41008203986183206
ARBEOHF1187B9B044D	0.9158232530331046
ARBFDJW1187B9AD27A	0.6231542839712871
ARBFQ7L1187B9ACD48	0.7506215981642149
ARBGJLS11F4C83D4B9	0.46214060020703507
ARBGVEC1272BA8350B	0.3861159442522079
ARBGXIG122988F409D	0.01891756722611138
ARBH0MS1187FB36311	0.43002498682970675
ARBHPBX1187FB47102	0.43746358594754686
ARBJC9U1187B9A70AC	0.4589544162722026
ARBKMHZ11F4C843491	0.33697042752391904
ARBM57Q1187B9AF97C	0.6795192077928062
ARBMHBC11F4C8403A2	0.35342955022197026
ARBNXYA1187FB51C50	0.9089842956402567
ARBOG0H1187B99F775	0.763010513430572
ARBPRTL11F4C83CB05	0.5463611731121477
ARBQ5TQ1187B992B8A	0.5207264878849363
ARBR7II1187B9B821E	0.4766571906524515
ARBS1OC1187FB44CAF	0.8426730510966314
ARBSAVH1241B9CA637	0.16495620842070652
ARBU6D71187B9B5319	0.5756865010660667
ARBUOMY1187B99F2EB	0.6162638817010739
ARBV2AK1187FB5BA33	0.5141116915064601
ARBVUUG11F50C48750	0.43175088524835326
ARBWFER11C8A42BA94	0.4675699664299343
ARBXBQR1187FB56FA5	0.4895375024646455
ARBY23A1187B9A82E4	0.36347553470080324
ARBYFR71187B99A2A4	0.6883324837888457
ARBZHTB1187FB3A725	0.658016591872584
ARC0MTS1187FB44C21	0.6411728176207399
ARC1CJB1187B99FCA4	0.5584812529779845
ARC2BFH1187B98F3C8	0.5462530728517105
ARC39PE1187B9B2C01	0.40067450487201595
ARC3EZO1187B9B9314	0.6990357550545981
ARC3JTL1187FB4A1CE	0.44538134642831456
ARC3WPR1187B9A183E	0.4152809003644191
ARC43071187B990240	0.5451592956008632
ARC4O5Z1187B9AE91F	0.3949625000942707
ARC6J781187B98F02B	0.6068853113130981
ARC6UC81187B989062	0.632242851125503
ARC70XM1187FB4D5B0	0.7136862495947681
ARC8CQZ1187B98DECA	0.832011769889649
ARC8S7S1187B98D50B	0.4996804230125451
ARC95UW1187B9B9A62	0.596275993745723
ARCCBWR122BCFCBB85	0.43971635522526387
ARCCK7B1187B994F9D	0.5224904505095161
ARCCRTI11F4C845308	0.47736475248353516
ARCDCFY122ECCBCC6A	0.3472355254292599
ARCDLDD11F33E000A4	0.59565132082563
ARCDRLI1187FB54D58	0.6519244064873759
ARCDXI51187FB57A2E	0.6955933512745225
ARCEEC91187B9AC4FB	0.6091238748175969
ARCEOW71187B9A5A71	0.5839898424155631
ARCF2WB1187FB54132	0.5384040736922502
ARCGJ6U1187FB4D01F	1.0
ARCHKD91187B9A0A42	0.6143925394883992
ARCICZN11EB9C810B3	0.4945870774232017
ARCID1N1187FB51DA0	0.5357025281303791
ARCII0J1187FB3A1B4	0.4234013772561962
ARCIXWX1187FB4F1DF	0.629089814035632
ARCJKV91187FB46210	0.7937080840071374
ARCLBZ01187B98D025	0.5486741747818619
ARCLCFS1187B9AE476	0.5604116856288465
ARCLGCL1241B9CA830	0.2292644307373896
ARCLLH11187FB48DE0	0.6316626720677063
ARCOAFH1269FCCF4AB	0.1974608421955418
ARCP8YG1187B997D72	0.5038905014901797
ARCP94M1187B9B0F56	0.8424233180669045
ARCPY7O1187FB5C0B7	0.5890728198040683
ARCQCYR1187B99367F	0.5666404208397303
ARCQQ3S1187B9A6D98	0.5099946875871698
ARCRNVV1269FCD5B9C	0.3379484999074624
ARCRR5X1187FB3BD4A	0.48221286999195057
ARCSHW51187B9A79D2	0.43424273956967324
ARCT5P61187FB3D950	0.6332208496248334
ARCVMYS12454A51E6E	0.41994127477041937
ARCVT0G1187B99238E	0.39374141293483095
ARCW5RB1187FB4383F	0.5285096781804877
ARCYE581187B9A1482	0.6919731192813398
ARCYQ1P1187FB3F3CA	0.5070099744588996
ARCZ20M1187FB49687	0.6247237675785525
ARCZ42S1187B98C0D7	0.5593586308995626
ARCZGEP122988F4890	0.3943218959013579
ARCZN5K1187FB42CF8	0.37937119955936405
ARD0FN11187B9B25CD	0.7044114702369764
ARD1XMG1187FB41229	0.4207338096070539
ARD2F1Z1187FB3D27E	0.4862443470336822
ARD3ICK1187B9A56C9	0.47772473249197345
ARD3LXU1187B9ABFC5	0.7311842304128983
ARD4C1I1187FB4B0C3	0.8180420443725366
ARD4LQ61187FB470F1	0.5422998843903899
ARD5K161187B9AC784	0.69300920358103
ARD5SR21187B9B5F4A	0.5174805719265905
ARD6L7O1187B995ADA	0.49899167275479245
ARD7DTC1187FB404DF	0.49098929376470146
ARD7TVE1187B99BFB1	0.5817937658450281
ARD7U0O1187FB5531A	0.36072920580223455
ARD842G1187B997376	0.6364236449500698
ARD8JVH1187FB4DA04	0.6968168917909224
ARDBFT21187B98E524	0.47001240256629634
ARDBSFT1187B9AC9C1	0.7177627022534055
ARDCFNZ1187FB3DDB0	0.8273572600540108
ARDCIH31187B98B241	0.49080475532657125
ARDDYFH11F4C83DD58	0.46127288013054923
ARDE52X1187FB438CD	0.43017204575703666
ARDE7I31187FB43352	0.5343922941001787
ARDEC2A1187B9A460E	0.8374501282954904
ARDEDYX124549A41AF	0.24573062155777617
ARDFZE61187FB45994	0.3745534356821609
ARDG9I21187FB35FF3	0.5445079887650446
ARDG9Z71187B997023	0.6849948965806557
ARDGFTD11F4C83C209	0.03454318632520357
ARDGPFY1187B9A371B	0.5754126005522645
ARDHWW41187B9A86B0	0.5139322636770347
ARDIBRT1187B9AF176	0.7870983554809389
ARDIKTV11F43A69FA4	0.5069768442453816
ARDK0551187FB5AC48	0.596318010942162
ARDK6QW1187B9B8D85	0.6599449187584954
ARDK87R1187B98D51C	0.5593175024118211
ARDL03L1187B997FBE	0.4520422472874589
ARDMPZU1187B99A472	0.4757309775508306
ARDNBQU1187B9B6DC2	0.5775327466836254
ARDNMNC11F4C842FDE	0.46117348001811576
ARDNQ0R1187B9BA1EF	0.558904391993988
ARDNS031187B9924F0	0.4597971288376104
ARDNW1B1187FB4ABBB	0.5630486888198301
ARDOOH01187B991055	0.4999392209886847
ARDOZIV11F4C83DD59	0.3653079710634078
ARDPZFB1187B9A91C3	0.3822806895959408
ARDQ9AP1187B9BA3F6	0.8878671286303795
ARDR4AC1187FB371A1	0.5221971752411875
ARDRQOR11F4C844DA4	0.20749124732341506
ARDVZTE1187FB5A0A1	0.8392976775681696
ARDW9RF1187B99002C	0.32247608229120206
ARDWS2V1187B99AED0	0.5279193157705265
ARDXWVZ1187B9B52F1	0.45660505996570944
ARDY3451187B9A0226	0.6038391696904002
ARDZJ6H1187FB387F2	0.4617414933052843
ARDZQ5U1187B9ADEAE	0.7336378248267537
ARDZRMF122988F7633	0.44443724904294046
ARE04K31187B98C74F	0.4396800960132786
ARE0OLY1187B9AD19F	0.7550413499986275
ARE13NK1187FB4CF92	0.5391115605471758
ARE1DU51187B99BB83	0.4531200834872984
ARE26EG1187B990AEF	0.5467275539627645
ARE2BVT1187B9AC9A2	0.45470991102879554
ARE2QID1187B98FA19	0.5190000723734253
ARE36MM1187B991E50	0.5948666454751887
ARE3LP51187B9ACD29	0.7772349625011934
ARE8AJ31187B99A8DF	0.44275007890618917
ARE8GLF1187FB52532	0.8339679720525084
ARE8V001187B994A56	0.5682104144154498
ARE9SYU1187B9B9838	0.58400755313893
ARE9Y761187B98AEB6	0.7219906989910291
AREAEX91187B98DC01	0.6291860171220557
AREB22L1187B9A4BCE	0.55205380333855
AREBBGV1187FB523D2	0.7936050803712417
AREBCAO1187B994183	0.2946779221221197
AREBWEH1187B99EA9A	0.596184926664484
ARECPYG11C8A42B5BF	0.37476310334581664
AREDL271187FB40F44	0.4900094278117248
AREENKN1187B98F35D	0.5578751684218033
AREFFEC1187B98E12F	0.5500324434683166
AREFUMW11F4C844D2B	0.19266385325317345
AREGV3K1187B9AF614	0.7242849266433012
AREHK7O1187B9ADDD7	0.7498763671900177
AREJ5K11187B993F5F	0.5772760891324358
AREKO1L1187B997EFE	0.7394548738996426
ARELMNO1187FB52929	0.4987584081140403
ARELVCU1187B98F3E5	0.5777733372917061
AREMOC71187B996C2F	0.6317025616094519
AREMPZY1187B9B8FF3	0.8063641247652552
AREN1A11187FB527EF	0.6745194565725025
AREN9121187B99D57A	0.5072582038410642
AREOGMA1187B9908EF	0.5672788711826817
AREPD8D1187FB3F5BC	0.7310657557108706
AREPOUG11F4C83D36C	0.4028001989899977
AREQ9AY1187FB40E19	0.6310812836244424
ARET4E31187B99E0A7	0.049599575675904804
ARETCTY1187FB4C033	0.5107945770326273
ARETSEJ1241B9C91DC	0.5838280782108342
AREU6JB1187B9911D4	0.558601919646858
AREUUVW1187B99A697	0.5883821219938137
AREUYDJ1187B9BA040	0.5086362291338029
AREVQ7D1187FB4371B	0.5479477085537586
AREW1KO1187B98E42E	0.5990199587515855
AREW7CO1187B9A1B0D	0.5966423960408724
AREWQSE1187B9AEC6C	0.32300899095323227
AREWYHV1241B9C696D	0.5164895170173499
AREXM411187FB560C4	0.44454158376006503
AREXX3T1187B989950	0.5570261643754362
AREYEW21187FB45C47	0.5777101760181225
AREYIHC1187B99CE0B	0.37801315213885595
ARF0W6Z1187B9AC325	0.7848203890392526
ARF1FZV1187B98C928	0.40309525951655784
ARF1LT21187B989EEB	0.515932603370791
ARF1NWV1187FB39A97	0.580788349849546
ARF1Q9B1187B9ADCC7	0.7601522926114544
ARF3FRP1187B9A77BF	0.42105616464986406
ARF3GX71187FB3EB66	0.6148709339199385
ARF3HEO1187B9AF2F4	0.6060110032472622
ARF3L8J1187B9B7866	0.5370882970195974
ARF3PG41187FB4B0B4	0.4182825139804495
ARF3XJD1187FB38DE0	0.4206159723883332
ARF5M7Q1187FB501E8	0.9054770013616722
ARF9BNW1187FB3F54B	0.5079521886392171
ARF9HO21187B9A0D81	0.0898591286977431
ARFAKQ01187B990163	0.5678006012579979
ARFCOGY1187FB454B4	0.48214832497096216
ARFCUN31187B9AD578	0.8148296561331122
ARFELOH1187B991F95	0.495819328959285
ARFERPC1187FB557F6	0.48769397159097466
ARFEV5S1187B99F2EA	0.5493956187351183
ARFFDZU1187FB50682	0.6293018056764849
ARFH6FT1187FB5BF47	0.692655872870637
ARFILWJ1187B9ADDBF	0.34151385491859326
ARFIUBJ1241B9CA443	0.4466489379068855
ARFKATV1187FB377F9	0.4287126915528546
ARFKY7F1187FB3EFAC	0.6155752551777887
ARFKYG51187FB4CE41	0.6567597878169679
ARFN4JN1187B98C627	0.6540393506314532
ARFNJ4O1187B9A204B	0.6918507365964088
ARFNXFR1187B98F6C1	0.3073761670859222
ARFONKU11F4C8431CC	0.5063079658775811
ARFONSP11F50C4D175	0.4950666609736366
ARFQ7RR1187FB3CC0A	0.5634215630969017
ARFQAQV1187B9A9AD5	0.4684004147210192
ARFQTFS12086C14218	0.41365630344684723
ARFQWAA1187FB3BACB	0.606157334724511
ARFRR9R1187B98A987	0.389699027551096
ARFSPOV1187B9B2363	0.8036192618435595
ARFTMGO1187B9A777A	0.5667964748327188
ARFWZZD1187FB561F9	0.4663310542870906
ARFXRHR1187B98FF09	0.469671583464309
ARFZNR41187B990AF7	0.4857929193413322
ARFZSPU1187B9B5BA9	0.4328393673069391
ARG09R51187FB4D5C2	0.5987268408408515
ARG1UAO1187FB55E50	0.4906114141824927
ARG274E1187FB4BCA8	0.48261530146260223
ARG2UZ71187FB4FF5C	0.5921082291438861
ARG4KW31187FB51B7C	0.5207576346371982
ARG51IA1187B9B143A	0.44780805706814564
ARG5OIV1187B99329D	0.3024892201019906
ARG8DXO1187B9AF743	0.8433223390347955
ARG99CA1187FB3D09A	0.6001815991684463
ARG9CID1187B9AB010	0.9115996573812846
ARGA5RF1187FB5C7EB	0.6340849447373891
ARGAHPJ11F4C83E988	0.2596329272951822
ARGAWJY11F50C50904	0.3173913800886155
ARGBG2T1187B9B1670	0.5838411220182581
ARGBGC71187FB3DD0B	0.582365878546936
ARGBR4I1187B99D073	0.6726805928835387
ARGC7FQ1187FB409CC	0.5410779524977934
ARGCEOR1187B9A4E7D	0.3917303793239802
ARGCFSQ122988F7D0B	0.42558468024998697
ARGDLJR1187B98D048	0.5109287026358955
ARGDSO91187B9AAB35	0.6311512424491423
ARGDY4Y1187B9A334F	0.5486724357409825
ARGEZ5E1187FB56F38	0.6874783184494465
ARGF5QG1187B9AC84F	0.5050991390562366
ARGGEGH11F4C83C076	0.49225313243508523
ARGHV4C1187B995847	0.4321364774207179
ARGJ0911187FB4613F	0.586950621729773
ARGKD4W1187B990E04	0.6693715019351177
ARGLOWN1187B99C06D	0.7462138568088962
ARGMCPU1241B9C4C34	0.33122624064054484
ARGNGRI11E2835D567	0.5150440564086359
ARGNQED1241B9C4237	0.5205304440552848
ARGNZOL1187FB5CE7C	0.5821292945146708
ARGP7WY1187FB45464	0.4333173904453363
ARGPFYP1187B98F5CB	0.6833410359778677
ARGRTPZ1257509D28A	0.39560350922248033
ARGSAFR1269FB35070	0.021492905415210338
ARGTZL71187FB597C2	0.6539553808770487
ARGUACZ1187FB3F35C	0.49679462785104384
ARGUAHS11F50C4CF7D	0.4848983053454624
ARGUNFT1187FB3B140	0.55672148122732
ARGVJPK1187B9909EA	0.657504593859225
ARGWLJT12086C14A09	0.11454804617962795
ARGXIE31187FB55B48	0.7602701060288193
ARGXJRQ1241B9C5FDE	0.4747123541022973
ARGY9FW1187B991C7D	0.5675109859285001
ARGYPFI1187FB3D997	0.46477944039258745
ARH09RT1187FB4A843	0.5772321550307582
ARH0NCL1187B99B41A	0.5300223101252747
ARH0Z131187B9B69E9	0.5458666086016136
ARH2QI91187FB3788D	0.8123195772139676
ARH312K1187FB3F1D4	0.520002445238985
ARH3TXI1187FB3A486	0.5336595193873372
ARH4H1W1187FB53A2E	0.34443819648993357
ARH4N0N1187FB3E1F1	0.4832430673203282
ARH6S8I1187B9893FB	0.5111844063880663
ARH6W4X1187B99274F	0.8999349522317316
ARH72941187B989591	0.4127364180316466
ARH8B5X1187FB3B6C0	0.6895596901712081
ARH8HRR1187FB5CBE8	0.5851612067387485
ARH9HS41187FB5BC6F	0.8918537796888409
ARHB1961187B9B1732	0.5693296873667095
ARHBV1W1187B9B496C	0.5695471572388667
ARHBWOZ1187FB3FD53	0.5439365518845259
ARHCERP1187B9912A5	0.5127402263276489
ARHCHE61187B9AB217	0.39434776222397555
ARHCZHQ12086C11407	0.28521031642142786
ARHD3RX1187FB3A7DA	0.6984525389455865
ARHDLVJ11F4C84797A	0.4807083177998604
ARHEDEC121318C58DE	0.6195777990151731
ARHEQ501187FB4F898	0.5337244769394693
ARHFEBO11F50C4825A	0.4205458495228202
ARHG53Q1187B9ACBFC	0.6453679560153077
ARHHEXT1269FCCF474	0.46775906519561133
ARHIC3Q1187B9B1773	0.6450226658966598
ARHINI31187B995C1D	0.4984141333079685
ARHJJ771187FB5B581	0.5252273355598288
ARHK7A51187FB411D8	0.5103679324691051
ARHL8SP1187B98F8A3	0.6906262561196315
ARHN74X1187B98D79F	0.5842661817279184
ARHNCQ31187B9915DC	0.6250670090036011
ARHNMEZ11F50C4706C	0.32570077099924793
ARHOCA51187FB39213	0.49793219113114934
ARHOCKY11E2835D7CB	0.5760537226887968
ARHOSMU1242078130D	0.5995291858248561
ARHP4FT1187FB3897C	0.4306159634638236
ARHPPJK1187B9AC897	0.6848947229237031
ARHPW8M1187FB5CF11	0.5598275317945155
ARHR5BC1187B9AC348	0.7619863511693208
ARHRKTK1187B99E1D5	0.6933279789975069
ARHRY5S1187B99B96F	0.7680042347735891
ARHSMIG1187B99C199	0.42189252913589304
ARHT0B11187B993CB3	0.464994319368088
ARHTHC01187B9B6D2A	0.7126752513111311
ARHTV1S1187FB547F8	0.45613667443492384
ARHUC691187B9AD27F	0.8672589424375308
ARHUIGM1187B9A5932	0.524878486541168
ARHWO3N1187B98F196	0.4847320154522624
ARHXIOW1187FB3AF67	0.547684660288279
ARHXWB01187B9A205C	0.38123261150034793
ARHY20W1187B9B8262	0.46191743086070425
ARHY3JM1187B9B9DFB	0.5709215403299599
ARI0AB01187B9B7D94	0.5297880410812457
ARI0XA21187B9B26FC	0.28393322496953244
ARI28VJ1187FB4EAD7	0.5099524505375325
ARI2JSK1187FB496EF	0.407430399749988
ARI3W3K1187FB49E6F	0.631630608052795
ARI4NXX1187FB59DF2	0.5503033788841007
ARI4S0E1187B9B06C0	0.6394167141892626
ARI648V1187B9B5379	0.44276965005690455
ARI6WJS1187B9B2D7B	0.4966300854673532
ARI7DOB1187FB37AA4	0.8277768021949895
ARI88U61187FB41C60	0.4481115638037412
ARI945I1187FB4CC22	0.41614717642534665
ARID33C1187FB4610A	0.518436402575395
ARIDQH31187B9ACB84	0.5810289831955022
ARIEIJW1187B98F6DD	0.4524834382980981
ARIF3EV1187B9B8522	0.6646909389368294
ARIF6IS1187B98FDEB	0.7510401261129247
ARIFK6X1187B9ADA44	0.5643338386201754
ARIG6O41187B988BDD	0.4199431484349393
ARIGAOX1187B9B21C8	0.5457870421439519
ARIGY9P1187B9B6428	0.5539145531919
ARIH5GU1187FB4C958	0.767768809032461
ARIHI8H1187B9B0058	0.5037387899485233
ARIIXHS11F50C48D0D	0.07551862406412492
ARIJ7MR1187B9B484E	0.32467743101960894
ARILV5E1187B9959C8	0.6279973897229263
ARIMZQZ1187B9AD541	0.873238652757811
ARINEWW1187FB5577E	0.4114210482617737
ARIOJO01187B9B31B1	0.2922682673453207
ARIPLUN1187B99B9F9	0.7903679087935053
ARIRAVN11F4C842412	0.3707157284259081
ARIRCA31187FB58E84	0.8952971246508524
ARISRD71187FB57AE8	0.4727909971051071
ARIT8YH1187FB43F30	0.5674612440192913
ARIVB351187B9B485E	0.6249671064026375
ARIVGZI11E2835F1FC	0.30517782868851595
ARIW1BH1187FB4C94A	0.8078768678891759
ARIWQYF11F4C8427FF	0.5222473402915943
ARIXB7T1187B9AB215	0.40885047478141634
ARIYFYD1187FB3F0E5	0.498537926700119
ARIYZFT1187FB5393E	0.5748253210652502
ARIZLHQ1187B9A18C4	0.431966634726431
ARIZODP1187B9AD272	0.6948025197816848
ARJ1AMB1187FB40661	0.5028503313636945
ARJ1W5M1187FB458F3	0.6487226559769548
ARJ1YJV1187B9955DA	0.6142822624698228
ARJ2PGP119B866993D	0.4247577052385171
ARJ45QE1187FB423B8	0.1041869865719754
ARJ45SE1187FB44AD1	0.772958317106957
ARJ4B7V1187FB4CB90	0.4912562094922859
ARJ5FD21187FB43F12	0.6943577464366076
ARJ6WGW1187B9913EB	0.349587819367872
ARJ7BVZ1187B9A845F	0.5694818334789852
ARJ7KF01187B98D717	0.8650215114996607
ARJ84561187B993E3E	0.5022886815604554
ARJ8PZJ1187B99314F	0.7734913244983689
ARJ8YLL1187FB3CA93	0.39535838469227497
ARJ9DSA1187B990E00	0.6268031063273776
ARJA1841187FB3A029	0.8659700063313627
ARJA5XT1187B9B89AA	0.48200699856983814
ARJANQY1187B9A82F7	0.510098894399033
ARJDR071187B98CBBB	0.3856812791382309
ARJDUON1187B989F69	0.40799723925500914
ARJEFGV1241B9C6F79	0.4671375506977614
ARJFBZ41187FB560A0	0.7615231834122147
ARJFDKM1269FB35F40	0.27806609161184603
ARJFOC01187FB413A5	0.6999247645104929
ARJG2ID1187B9A767E	0.7781427230552
ARJG34V1187FB3AC14	0.5166409929364748
ARJGQJD1187B997A00	0.7722304390383146
ARJH2E61187B9A1627	0.46471508340165907
ARJIE2Y1187B994AB7	0.47021229568907263
ARJIWJH1187FB3F6B9	0.5584758161805727
ARJJ8I01187FB4CE98	0.4828052476468271
ARJJKAA1187B9ADAF1	0.549033905412002
ARJJPQP1241B9CA062	0.43351711555557576
ARJJRZ41187FB4C856	0.5224238291059312
ARJJVXV11F50C4EF76	0.5732706728412961
ARJK0ID1187B9A7A02	0.4328779204598989
ARJNQM51187FB54C55	0.6138674723271659
ARJNUTI12802FDFB5A	0.4055927912419118
ARJPZSG1187FB3E985	0.6294632451871911
ARJR7S11187FB36A2A	0.5765687655936937
ARJRF841187B9B7F9A	0.471894875514916
ARJRQL51187FB541AB	0.5408813491958131
ARJRRJZ11F50C47E95	0.7117836809765571
ARJSGPI1241B9C8855	0.3383701545262613
ARJSPWK12454A4CB28	0.3596382857055958
ARJTAZU1187B990051	0.4339539951668355
ARJTX7M1187FB4CED3	0.5371605629718418
ARJTZHH11F4C83C530	0.2337879913457057
ARJVTRE1187B9959C0	0.7142014472093124
ARJW7KB1187FB47C36	0.6212017484050729
ARJWDVS11F4C8456F1	0.1041869865719754
ARJWK3M1187B98D679	0.46731892192565355
ARJXULI11F4C83C865	0.5665326538181099
ARJXZX41187B9B6A43	0.5023897636892504
ARJZQ321187FB5AAA1	0.45058559586262714
ARK0BT61187B9ACEC2	0.6872944633353961
ARK2P961187B9AD524	0.5836540990926788
ARK3PWH1187B9A441D	0.6986195469729207
ARK7ZPW1187B99C170	0.6128586541080373
ARK8EHO1187B9B71D1	0.6058804710656306
ARK8F3K1187FB4F002	0.44106128409945095
ARK8OHG1187B99016A	0.733433226583055
ARK9W051187FB4B783	0.603602148412424
ARKAL321187B9AD4BE	0.7803098506846914
ARKAUWC122988EDAD8	0.2927380529636244
ARKBTPV1187FB38A79	0.5904731942517181
ARKC83D1187B9AB367	0.4939261446863902
ARKCYJV1187FB392E9	0.8239100873585845
ARKE7ZQ1187FB504BB	0.6042965872663661
ARKEBNJ126E2B3BF7E	0.027457373237041217
ARKEFM61187B9A8202	0.3867161753601155
ARKETDZ1187B9B2566	0.6168963856681389
ARKEZNY1187B9B7F6C	0.3963040673712416
ARKFYS91187B98E58F	0.5352927355118197
ARKIQSL1241B9C90C8	0.3773664360608763
ARKJ8Y91187B9B551E	0.6163129906621232
ARKJJZN1187B9AFC88	0.4125446299311757
ARKJKVO1187FB49D0A	0.44889280503159623
ARKL75U1187FB5B8B6	0.6176086939874837
ARKLA8V1187B999B68	0.7390992817501216
ARKMIBT11F4C8430D9	0.7262997133847378
ARKN6PC1187B98A4D0	0.3023965616603286
ARKNOZU1187FB5A371	0.7049944721075903
ARKO7AO1187FB5664B	0.5478016560470647
ARKOETA1187FB36CAB	0.5504584047145634
ARKPDBH1242077DEB1	0.43588984708830425
ARKQ6QN1187B9B016D	0.6454264992871335
ARKQN8X1187B99221C	0.5109930419063133
ARKR75V1187FB3D4D5	0.8648678420923306
ARKRRTF1187B9984DA	0.4873567909281477
ARKSZW81187B9B695D	0.9349352673982083
ARKT5SH1187B9AE8BF	0.6559953454545084
ARKU2GK1187B98C8AB	0.43966371060136195
ARKU3Z61187FB51DCA	0.9178639058476191
ARKVD621187B9B95FC	0.5378494471156304
ARKZ13R1187FB54FEE	0.7918015555562029
ARKZ68G1187B98B189	0.6838450066083304
ARKZJ301187FB521B2	0.9160582384829289
ARKZNO81187FB37FBA	0.529020069005829
ARKZXSQ1187B9AC9F3	0.7642871824984319
ARL3VGT1187FB40E8E	0.7740371421614921
ARL3X871187B996C0C	0.48133474815103405
ARL43EQ1187FB4D5EC	0.6489257090087353
ARL47TY11C8A416938	0.4111908262480923
ARL5BEN1187B98E4D9	0.7072047439332318
ARL635X1187B990092	0.7440079147104803
ARL6AH81187FB3B12A	0.573289819515419
ARL6F541187B9ADC0C	0.5157293511134622
ARL6FF81187FB5A916	0.8423689439434039
ARL6XZC1187FB3936E	0.13818761011851705
ARLAEJO1187B98DB85	0.5126871313265208
ARLAWDD1187FB48367	0.6209639810603148
ARLCGW21187B9929EE	0.4109128807304758
ARLD4VD1187FB39009	0.5332868803445101
ARLDW2Y1187B9B544F	0.620392055892929
ARLE1JH1187B9B630B	0.6391587078833617
ARLF0QY1187FB4FDCC	0.5875943706725656
ARLH4CH11C8A4173EC	0.36766770988680636
ARLHO5Z1187FB4C861	0.8531245232756404
ARLI9NJ1187B9911FB	0.4117890700534452
ARLJK1O1187B9B0FC4	0.1211872983452462
ARLK1A71187B9AECD2	0.4816270654184094
ARLLANI1187FB5116F	0.39076083985338955
ARLLRL61187B9B6698	0.6533406926626858
ARLLUSZ1187B98ACDC	0.536655656311645
ARLMCCW1241B9CE7CB	0.3117525083661655
ARLMRES11F4C83E1E1	0.366302894628521
ARLNMEP11C8A41519E	0.6941192467616055
ARLOIDN1187B9B060D	0.388546283708295
ARLPXQE1187B99066C	0.4779630135082117
ARLQ5EV1187FB4491D	0.5080586129066689
ARLR9U31187B9A71AD	0.7326033944243092
ARLSF8H1187B9A76B0	0.8260754666985954
ARLSGLC1187B9A969B	0.15960546998398473
ARLT4N91187FB533DB	0.5620903369072899
ARLTWXK1187FB5A3F8	0.5756742184810534
ARLUAK21187B9B785A	0.7504798171418188
ARLUF1T1187FB3603B	0.6305505684126376
ARLV03V1187B9A33A9	0.315307851431913
ARLVEYZ1269FCCFC01	0.4529225949636801
ARLWDC31187B9B4D71	0.6174384612413234
ARLWR721187B9A03C9	0.44932361520766173
ARLXFDN11F4C8417F8	0.38538328266143723
ARLYOE51187FB36902	0.560914044695115
ARLZ0521187B98B2E3	0.44917832625677784
ARLZ3CF1187B98BD56	0.45062527216347104
ARLZYDV11C8A4226B0	0.528563793158552
ARM1ELZ1187FB49FC1	0.4948807552661971
ARM2D2V1187B9AEB4F	0.42739879032798356
ARM4J201187B9B8B3B	0.6439825914925877
ARM4WGN1187FB3C746	0.5117436649141278
ARM5JLS1187FB3615B	0.6061186456969245
ARM63WJ1187B9951EA	0.4938911529792842
ARM6HLK1187FB427F0	0.772794404179852
ARM7C1Q1187FB471C8	0.6310503199042136
ARM7EDF1187B9B3FA1	0.8440850613953652
ARM9D241187FB4DB7D	0.5044101146285818
ARM9Q581187B98E984	0.7396843345988899
ARMAC4T1187FB3FA4C	0.8399689308447638
ARMAEYS1187B990F2F	0.5805177765557403
ARMAPSZ11F50C48146	0.4058610383235158
ARMATAK1264D13AC27	0.3835940164356028
ARMB95F1187B9B5B93	0.8582706777960948
ARMBDNQ1187FB3F3EC	0.27443294790503525
ARMCYCP11F4C83ED97	0.19137366137068
ARMD6JB1187FB3B0E7	0.6864520832317745
ARMDBW21187FB37126	0.6279707530899492
ARMDE3V1187FB3EEFB	0.5237035972040383
ARMEUT11187B9BA155	0.3919282047762107
ARMFXPI1187B99717E	0.3324216353388219
ARMG34A1187FB548A8	0.6413540809343606
ARMH10M1187FB4184F	0.651039380171071
ARMHR011187B9A62B5	0.5646990144594257
ARMI8BW1187FB57B2E	0.6814197442293322
ARMJAGH1187FB546F3	0.6306300375898077
ARMJTYS1257509DE8D	0.4333772719415792
ARML3X41187FB35F2E	0.8429721082595102
ARMLEY51187FB5BF8F	0.6256343816115406
ARMOE2A1187B991F89	0.4508580633827698
ARMOHN71187FB3959F	0.8002839123724673
ARMPQIE1187FB3D4EB	0.6932878385507649
ARMPRI31187FB4F7D9	0.7728732738402645
ARMR44C1187FB433D2	0.6350878112623854
ARMRCET1187FB52049	0.8736271743351188
ARMRQFC1269FCD2C40	0.46676814463238636
ARMSL551187FB3F4B0	0.5753910453948872
ARMSW7X1187FB5B504	0.45036126087745676
ARMT23H1187B995083	0.5760441727172667
ARMUCXW11F50C4BFEC	0.4136475956736513
ARMW52H1187B98C835	0.46143965005695153
ARMX5R91187B991E20	0.5286154534393213
ARMYKRB1187B98CFF0	0.6811480229878107
ARMZ4PD1187B9ACBCD	0.500396009757894
ARMZ4SJ1187FB4657B	0.4684493453313319
ARMZSTW1187B99DC0D	0.4819831133587578
ARN03F71187FB4E3F4	0.5225901845504569
ARN0DMU1187FB5B63A	0.6649243624441277
ARN0NCG1187B9911A9	0.45712079660155785
ARN2M4711C8A423BD6	0.5052373106638819
ARN2ZKL1187FB3972B	0.6810906917425594
ARN3O411187FB4D859	0.5613709072283409
ARN3X4T1187B99EA39	0.5463464694583766
ARN4IYF1187FB49D76	0.45360053886418067
ARN5NHX1187FB4F755	0.8879204501926365
ARN5W1B1187B98BE10	0.588370653419241
ARN7OQ21187FB5A6B3	0.5725006006819784
ARN7POH1187B9B301E	0.7768857219069979
ARNAIMI1187FB5733C	0.8525694979067848
ARNAYJN1187B99CD8A	0.28032429498860034
ARNBIUE1187FB3E846	0.7038238898664649
ARNDB1X1187B990AA0	0.736677413340632
ARNDFTA125FEF32B22	0.4993089666955358
ARNDL191187FB51583	0.8409639009345767
ARNE16X1187B9B2DEE	0.6721999444118556
ARNEL2O1187FB4421A	0.5724708877839468
ARNF6401187FB57032	0.7132749723642293
ARNG61X1187B98C7DF	0.6262083425640174
ARNHJHU1187B98F79C	0.5430611433753401
ARNHMFD1187FB3B3F6	0.749217793048955
ARNI8K81187FB423C7	0.41922886928735503
ARNI9J91187B9ACFCD	0.5945365095722287
ARNJCPV1269FCD1139	0.4373449848587519
ARNJCYH11C8A42AC5F	0.4497408395768027
ARNJVSL1187B99AFD4	0.6645599786043399
ARNLE621187B98ECB5	0.6749693547629894
ARNLHY61187FB3A0C0	0.4672359160951003
ARNLO5S1187B9B80CC	0.7446412459327763
ARNLW7H1187B99EC9D	0.6044790069718515
ARNLY0W11C8A42C7E5	0.036103552369306936
ARNMHWR11F4C83B384	0.5809106932332672
ARNMWP51187FB3E963	0.7869212313686974
ARNNQBT1187FB437C1	0.6835250649823107
ARNP42K1187B9AB7DF	0.2755035063476943
ARNPPTH1187B9AD429	0.7318222186514295
ARNQ7UN1187B98EE77	0.6880408571516272
ARNQAVF11F4C844C04	0.632559542284651
ARNQESK11F4C83FD6F	0.6080181059147534
ARNRPI31187B9AC699	0.7407966241586879
ARNSTES1187FB4FC9B	0.5291027999696011
ARNTQF31187B9A02FF	0.6639552602267632
ARNTRZQ122ECCBC53C	0.5016198978554159
ARNTTHK1187B98FF64	0.5381377399132121
ARNUIBF1187FB4A28F	0.5488824242811413
ARNUPIM11F4C83BD4D	0.639249551657065
ARNVCZC1187B9934F5	0.6046446897118567
ARNVH8S1187FB52F86	0.6178701163443497
ARNVM131187B990D2B	0.6282744489330068
ARNWJEE1187B98DB44	0.5658198469577149
ARNWZ1N1187B9B71BA	0.5870296257980913
ARNZ70R1187B9A4824	0.7058764019143506
ARNZPLV1187FB3DF5D	0.6622504836647155
ARO0QD41187FB3AB0A	0.6321309130150968
ARO0R521187B98A2D1	0.5918462874725177
ARO2PB81187B98EB4A	0.47746703723921385
ARO2U2Q119B86692A8	0.7862120591541235
ARO31HI1187B9A12E4	0.5074476002070633
ARO4WQR1187B9B9825	0.735370150211779
ARO5P0H1187FB5BAD7	0.7651414179080641
ARO5T1P1187B9AC680	0.8106969830715695
ARO6WZY1187FB3A86E	0.39271030278991514
ARO7IJV1187FB5BFAD	0.25725152169122895
ARO81XD1187FB38096	0.5587585560511272
ARO9XCZ1187B99C255	0.6952838245495223
AROATPL1187FB48E12	0.6811302418484678
AROBHK51187B9AD82B	0.8269923059641646
AROBQ0B1187FB404F6	0.4371937769385019
AROBSHL1187B9AFB01	0.8302362167035976
AROBVNV1187FB3F36C	0.5825985412904522
AROC6N61187FB40B14	0.5254757419134042
AROCBZZ11E2835D652	0.58223834366451
AROD1VN1187B9B377F	0.5790894490033919
ARODBRG1187FB3FD99	0.6815813054346181
ARODFDS1187FB57348	0.6490950504702371
ARODHHS1187FB37814	0.6334011896720089
ARODOO01187FB44F4A	0.42572365804650586
ARODP5P1187FB40142	0.3591299659014567
AROENEQ11F4C8451B1	0.4497436010513175
AROF4LP1187FB41C51	0.7483207030670265
AROGAPH1187B98CF9C	0.6092941551456632
AROGHQQ1187B9890E3	0.6409716825781632
AROGWRA122988FEE45	0.48075227616853805
AROI96Z1187B9A5304	0.505644261572307
AROIHOI122988FEB8E	0.3345427836570606
AROJVWY1187B9A826C	0.3918367349380478
AROKAO61187FB38105	0.7917616955669731
AROKPWU11F50C48F1B	0.27277404427670526
AROLDZG1187FB50AFB	0.7269598062613086
AROLMXS1241B9C6915	0.4553718550323032
AROLNOH1187FB39845	0.5779737529033651
AROLZEM1187B9A805E	0.566157341575077
AROMB601187B991317	0.4676276869350442
ARONPP01187B995FB5	0.6088248054637592
ARONRBJ11F50C49E81	0.5681719286163744
AROOKC21187B9AE85C	0.7708726497375289
AROP6331187FB398F7	0.389179333327216
AROPBVQ1187FB36581	0.5474938878431067
ARORFIN1187FB3BE5C	0.5052693955224341
AROSW2I1187FB44866	0.5603516410275964
AROTIMO1187FB532BF	0.7120989021279718
AROVJWM1187B98E649	0.5514273069399679
AROVSYC119B3403921	0.4293492781842152
AROVY9L1187FB3A97C	0.4813975284570603
AROW3XO1187B989E72	0.4913702787170684
AROWNZP1187FB3C028	0.611726027444691
AROY0LJ1187B99654D	0.32220706624961076
AROY6XW1187B991121	0.6457200233360104
AROYTOV1187FB4C7F8	0.3853405383129621
AROZFLY11F50C4F54F	0.022556500517658073
AROZNFA1187B99D367	0.7032295773725501
ARP06GY1187B98B0F0	0.4955022071031012
ARP07GD1187B9B9DA4	0.648902582006874
ARP0VU91187B9AE375	0.47590149185871555
ARP2TO91187B9913EA	0.43788950307317964
ARP32X81187B99EBF5	0.5738431163226819
ARP3CRB1187FB410B1	0.568497747694518
ARP4FAI1187FB3E49E	0.4120997075021091
ARP7AOI1187FB518B4	0.7139458812470219
ARP7ILI1187B9AE9F7	0.7640033685495728
ARP998V1187B99DFA3	0.14260515821071393
ARPAAHK1187B9ABB00	0.8474517132179911
ARPATQ21187B9ACAFC	0.6821012817114168
ARPBNLO1187FB3D52F	0.5934960438312681
ARPBOCU11F50C4B49B	0.1729213015573182
ARPBTRI1187FB52457	0.9279859308156727
ARPCDZM1187B996876	0.47811909129075403
ARPCEWC11F4C83EEA7	0.5228218177630841
ARPDVPJ1187B9ADBE9	0.8564489236516379
ARPEPWU1187FB55B71	0.6086413306781426
ARPEUYM1187FB4A97A	0.5515651754684117
ARPFHN61187FB575F6	0.8719839452044184
ARPGCHN1187B9A2831	0.5954092398478043
ARPGTHP1187B9AC284	0.6303088461080303
ARPGYM11187FB4B1E1	0.5083599025668306
ARPHH7Z1187B9B6A3A	0.6004865427010225
ARPISA41187FB3DE42	0.6335459987503766
ARPJMMD1187FB4BD47	0.25110474181185727
ARPJQLM1269FCCFBFF	0.4257350827724184
ARPKATM1187B9B76E6	0.8327574313141051
ARPKGV01187B9939F5	0.6225679552233179
ARPKK761187FB4D53C	0.8278537698666787
ARPKMIM1187FB397DE	0.38983755607288795
ARPLE851187B9B2B7C	0.5472281478297538
ARPMJGA11F4C83BDFE	0.3383832631484684
ARPNJUD122BCFCB9B4	0.5263561177078322
ARPNQ6G1187FB3E286	0.5394785833490315
ARPNY981187B9ACB75	0.7140198500424152
ARPOPBQ11F4C83D36D	0.5153102332305513
ARPPTNG11F50C482A3	0.43573200360498643
ARPQ4Z01187FB3A736	0.8093237930019529
ARPQWQ41187FB3E8A1	0.4470993827343765
ARPTC441187FB3AEBF	0.411875463168056
ARPTJHV11F4C83EF53	0.5968348256964625
ARPTOWL11F50C47FB8	0.4417362965920373
ARPUBU61187B98A4E6	0.6802637529978721
ARPVMJZ1187FB48D2D	0.621629435824529
ARPVRUC1187FB4F1DE	0.585387198606353
ARPWZPV1187FB51DCF	0.4283248207145533
ARPXDY61187B9AD0A8	0.6846275539188404
ARPZBNS1187B98E279	0.6388642033527857
ARQ0BG21187B99ED8F	0.4983370819045986
ARQ2PMX1187FB38D62	0.4250722223352613
ARQ3VBJ1187FB3FE55	0.6134649321348336
ARQ4OZM1187B991229	0.3309923977154395
ARQ6QOK1187B9B0A2E	0.5079558629419536
ARQ76LG1187B9ACD84	0.73120804716564
ARQ91R31187FB38A88	0.4506459971150351
ARQ9BO41187FB5CF1F	0.5454352386697442
ARQAXT91187B99103A	0.47012407514783316
ARQB8PN1187B98E6C4	0.2984096783882951
ARQC4R31187B9A0D88	0.39145406405090427
ARQCFI11187FB5AE43	0.730265183221149
ARQCHDN1187FB4C7C2	0.5492829074585028
ARQCYDK122BCFCC606	0.30549492006281215
ARQDTOS12086C11443	0.38272001702382835
ARQDWBG1187B9891D7	0.6445196917869935
ARQDYV0119B866800F	0.4449264128834222
ARQEPTZ1187FB4CD36	0.698977345836088
ARQFPCY1187FB552CE	0.48087292458404746
ARQFPFK1187FB533E1	0.24113375341058682
ARQHLIO1187B98AA6A	0.5501038502561703
ARQI60P1187FB464C9	0.6364189476344927
ARQIB731187FB3BE17	0.427298292643884
ARQKBSH1187B9B4B99	0.44437243088957856
ARQMTJR1187FB42BB5	0.5649794743257729
ARQMYTM1187FB4678C	0.4905864018711718
ARQOATR1187B9AE959	0.711893841289885
ARQOVNR1241B9C5050	0.36688472543704354
ARQQFIQ1187B99DB43	0.3327377332221258
ARQQP3Z1187FB5707B	0.5410334266884267
ARQRQRA12131B4B5A8	0.794331284495354
ARQSZLT124207825BA	0.26821000464815703
ARQUFQK11F4C83C0D8	0.528653456088923
ARQVLQJ1187B98F11F	0.4399076581433077
ARQVTCN11E2835DFFD	0.32521914304845917
ARQVZ7F1187FB57CC9	0.540862601844078
ARQX3GF1187FB4F18B	0.4699482122281225
ARQXGWX11F50C49BC7	0.2842204036798283
ARQY95Q1187FB3E53A	0.5699888892338775
ARQZOCL1241B9C85AF	0.3886768203123443
ARQZRQ11187B9A5918	0.6087016157203143
ARR035B1187B99EF11	0.5509689161798321
ARR2BHS1187B9B8FA7	0.6528604657461411
ARR3ONV1187B9A2F59	0.9290302874411605
ARR46IW1187FB51C2E	0.5729433958023782
ARR575U1187B98FB97	0.5013371622205839
ARR6LWJ1187FB44C8B	0.7306695019354311
ARR8AIK1187B9A0BCE	0.45312517862982354
ARR9LP21187B9BA390	0.3913985818041051
ARR9XHK1187FB3894D	0.5166182130206616
ARRBF3M1187FB4D59F	0.9093248336581043
ARRC2JF1187B9B6A93	0.44316239759770826
ARRESZG1187B9A3FBF	0.27790004019564646
ARRGJY81187B9B2878	0.42661995038253436
ARRH2S81187B98C8AA	0.5744007886920006
ARRH63Y1187FB47783	0.8772137459246516
ARRHVGT1187B98D603	0.6334023422021283
ARRI5MR1187FB47CAB	0.6742484209608345
ARRJ3UC1187FB579D7	0.7914655421770528
ARRJFJ31187B9961EF	0.5400328341191823
ARRJNTE1187FB44E12	0.6653221619060184
ARRM70G1187B9A7F64	0.6834557007638835
ARRMOXN122988EE92C	0.2832065529191618
ARRNO111187B9B3FC9	0.6904920320241795
ARROLGK1187FB5738D	0.6135724869465727
ARROQSO1187B9AEB80	0.7523186429707953
ARROUEA1187FB4AA0F	0.5027118587787895
ARRQWQW1187FB49844	0.4957385828765451
ARRR7RO1187B98A6EC	0.4077423574500993
ARRSIQ11187B98F216	0.5994647627472443
ARRT66G1187FB3DDF9	0.6096366979313602
ARRTI6E1187B9A661D	0.4961961280322566
ARRTJ3W1187B993212	0.4881696879091424
ARRUGT71187B98F222	0.4169657541947962
ARRVIZY1187FB41246	0.4242028280284693
ARRVUWA1187B9A0FE2	0.508731241151298
ARRWAD71187FB3FE44	0.704244766037675
ARRWDU31187B9B5656	0.42429413010909
ARRXG5Y1187B9AA016	0.8453733038122141
ARRXPRY1187B9A8B34	0.4213760602232756
ARRYTVF1187FB4A460	0.6454432714705122
ARRZNBD122C867517B	0.41464582437751
ARRZQZE1241B9CBFBB	0.43817793632206026
ARRZXQX1187FB45A0A	0.5238376124830033
ARS03Y81187B98E6ED	0.6314422242576598
ARS0W831187B9AF0B7	0.6211210512857237
ARS10A81187B9B6E16	0.5707044692696098
ARS1DCR1187B9A4A56	0.43350762637871326
ARS1OWB1187B99EEAD	0.717670524728552
ARS2KW51187B9B556E	0.7040939465198991
ARS2W231187B99EDEC	0.6308718792944613
ARS4KT21187B9B9438	0.6578268856404534
ARS6HDE1187B99CA29	0.6200416947183899
ARS8DXZ1187B998AA3	0.505163004914416
ARS8HNI1187B9B0785	0.5786954083738762
ARS8IP61187B9AA5E7	0.3463886843461652
ARSC6WR1187FB40B18	0.7708143665311318
ARSCJQW1187B9B3523	0.7970248173490673
ARSCLMG1187FB3CEE4	0.5130813777205246
ARSDFYB11F50C4F736	0.44577274776003034
ARSE6YI1187B9B9CD2	0.625443262043877
ARSEC9Q1187B98912D	0.523962423072147
ARSENJW1187B9B053E	0.5189029085728754
ARSF4161187B9B449F	0.44104996018435266
ARSFK241187B9BA38E	0.6057033020608091
ARSFVDS1187B990F14	0.5657387804127691
ARSFWGS1269FB35F84	0.43689471769780286
ARSG7NQ1187FB57482	0.9379647503973342
ARSHTBB1241B9C434A	0.36105102261737043
ARSHZBZ1187B98A445	0.6759195565215971
ARSJ46X1187FB4A62A	0.5470407067148041
ARSKATF1187B98A622	0.41193900753627105
ARSKDV01187B98A619	0.4366602131311031
ARSL3N21187B98DFC5	0.6880033488369731
ARSLDFH12454A38A01	0.3163847113372829
ARSPC9J1187B9A7EA1	0.408796736678439
ARSPQ0H1187B999944	0.6010690522149722
ARSPUJF1187B9A14B8	0.8312536499643949
ARSQDUN1187B98D7D7	0.6982916236578486
ARSQIM51187B9B460E	0.469491509473221
ARSQW3I1187B9ACD14	0.6271852491605759
ARSRCI71187FB59188	0.3693542524514358
ARSS1OZ1187FB54440	0.22172607818607498
ARSS4Y41187B9B0AC6	0.5887819593694067
ARSSR8L1187B990BC5	0.6002749102983043
ARSTA431187B9A3599	0.674288836752463
ARSVRVA1187B99228A	0.381481861314382
ARSW5F51187FB4CFC9	0.7963370594985002
ARSX3I61187B98FAC7	0.4282526542672777
ARSX6IX1187B9B640C	0.7410404327961191
ARSX72J1187FB3740D	0.4387381482743806
ARSYHZ21187B99F5F5	0.5248345988555921
ARSYKGV1187B9A49CD	0.6146429541591771
ARSYOWS1187FB41157	0.6867208337716193
ARSZIBW1187B994053	0.6113815948790435
ARSZVAK1187FB4A9F0	0.5081245337360827
ART094K1187B9A08D0	0.3447095756107312
ART1R9I1187B9B3324	0.5419177370104618
ART3KT21187FB450DC	0.7364407406757172
ART3O5Z1187B9AB043	0.7830371095483493
ART4QZC1187FB51612	0.8816947313074415
ART5IUL1187B9B0143	0.6806202476884844
ART62WC1187FB47E80	0.8029253954519542
ART6QCS1187FB40CBD	0.610330728063647
ART7R7N1187B9B999C	0.6164960392749406
ART9VCW1187B9B6FE6	0.35291373441139284
ART9Z1P1187FB36C94	0.44802630449354597
ARTAFV91187B9BA17C	0.7891044580087287
ARTAIYM11F50C4E159	0.5425516881674306
ARTBFV61187FB3C250	0.6104277251451776
ARTBHYK122988EFB03	0.28752135441888876
ARTCO131187B9B9ADB	0.5635835862578168
ARTDQRC1187FB4EFD4	0.845601886640232
ARTE6AQ1187B9B2826	0.5999446698556915
ARTE9CG1187B99B1AF	0.822316235978841
ARTH9041187FB43E1F	0.871010615313384
ARTHEAP122BCFCD0B2	0.34244014433162095
ARTHIJ41187FB57411	0.5691315861983045
ARTHKHA1187FB3996A	0.480806281832134
ARTHWIZ1187FB4258D	0.4698953091896986
ARTJ9GZ1187B9B46DE	0.5022450227955548
ARTKOGW1241B9CD42B	0.5621790178978072
ARTKTYG1187FB40CBA	0.572051286962176
ARTML781187B9AF080	0.3208553831968501
ARTMM411187FB56FD0	0.3298032105782184
ARTP2PK1187B98FECA	0.4428185380034297
ARTPCQ41187B9AB42C	0.5157262986322663
ARTPY6B1187B98C720	0.5183101267586124
ARTQ6AP1187B998A84	0.44716795325910247
ARTQZKW11EB9C80B4C	0.5231612936258231
ARTSGR41187B9912C6	0.7274973373418238
ARTTFAQ1187B98E4FA	0.558878292089538
ARTUXSS1187FB4BD20	0.36987695823196864
ARTVBNL1187FB52DF3	0.5008486917390443
ARTWNNQ1187B9A15BC	0.3298032105782184
ARTWPGO1187FB52DC3	0.7478153693139534
ARTWWNA1187B9B3BD7	0.47794657514332056
ARTX57T1187B98F34B	0.5154556541589456
ARTXJFJ1241B9C55EF	0.47314594184650255
ARTXS851187FB411C7	0.5433932314325375
ARTYXQC1187B9ACAB2	0.7722926474184036
ARTZ90C1187FB55D81	0.7079250270253531
ARTZMXB1187B990A55	0.4193126413987156
ARU2I2B1187FB472E8	0.6055382189430346
ARU2JAB1187FB50C72	0.4704146136831491
ARU3YYC1187FB43FEE	0.5776331497038921
ARU5BXG119B86698FE	0.43466424922225966
ARU5CP31187FB44C3A	0.49595712801485553
ARU81FP1187B98C71E	0.510288292720926
ARU9KWP1187B98B2A7	0.6180027149087712
ARU9Q5Q1187FB3D6EB	0.5709001037765814
ARUBDQW1187B98D775	0.5261270332019164
ARUBX2Y1187B99CD25	0.4320747960152752
ARUDYKB11F4C83C269	0.989938569657492
ARUFRGT1187B98ED43	0.5005765741833071
ARUGU0E1187B9B30F6	0.8768298777499862
ARUI8651187B9ACF52	0.7493178009614533
ARUI8FT1187FB5AB13	0.4264325895226336
ARUJ5A41187FB3F5F1	0.8435265433330642
ARUJTBL1241B9C9BB7	0.44398773937464775
ARUKN9H1187B9B71C8	0.797420740746604
ARUKNSS1187FB435E3	0.5320695697982138
ARUME5Q1187B9B1AA7	0.620379479284656
ARUP17W1187B98CAB9	0.5273391834991505
ARUP7CF1187FB40EEB	0.44220054830592737
ARUPH8D1187B9A6046	0.27258560383461566
ARUQ6301187FB54EBA	0.6923445305736569
ARUQSEE1187B9983F8	0.4345400925913373
ARUSOMY1187FB4D3B4	0.8440395322273969
ARUTS6Y1187FB5BDAB	0.5599014383805133
ARUUP4L1187B9B72EB	0.5982371324954726
ARUUXNF1187B98FB36	0.48118021177808756
ARUVPZF1187FB4880D	0.4002960349203375
ARUYGJ31187B9A2FEA	0.6344962846421434
ARUZL121187FB4B42D	0.49407381504459197
ARUZLOS1269FCD4EF1	0.460062797921414
ARUZLXZ1187FB3BFF1	0.715418676514618
ARUZRFN1187B98AC05	0.8159234203436856
ARV1ALU1187FB4D77E	0.7523659740980329
ARV21JS1187B99E516	0.47482940689326686
ARV2X851187FB41A78	0.6148875882171886
ARV38Z81187B98E608	0.5654823506955199
ARV6QHT1187FB5537A	0.5236330317813918
ARV7J871187FB4F8B6	0.02823706192010644
ARV8T9T1187B99F3F4	0.7090105251029095
ARV91AY1187FB52E52	0.6347850127948855
ARVADXJ1187B99AA96	0.6265677126778345
ARVAWTX1187B9A9990	0.29911776637426124
ARVBG53119B8668924	0.5327424427385774
ARVBRGZ1187FB4675A	0.8378720470826208
ARVCCEM11F4C83DD74	0.5102430890437599
ARVCNOU1187FB4C6F0	0.44295836834941166
ARVEJ9M1187FB4DC44	0.6523678641880865
ARVEXQ51187B9B8237	0.5674769057616466
ARVFDXZ1241B9C8865	0.040619277429810856
ARVG1MI119B86678D4	0.44017217389434476
ARVG4OK1187B9B6BD3	0.9184517888889826
ARVJ6541187B9A4C3E	0.6142617638576565
ARVJSJY1250940FA2B	0.3087536335232602
ARVJVFF1187B9B40D6	0.6430166662617105
ARVLIVA1187B991590	0.6107132194691038
ARVMFE61187B992463	0.5265152781107441
ARVML4B1187FB52324	0.5303556678749041
ARVMZFK11F50C4A0D2	0.4738039250123142
ARVN9FZ1187FB393F1	0.8183193591388943
ARVNGA71187FB3C107	0.643544997241215
ARVNIVQ1250941026F	0.2491692630582695
ARVO6RD1187FB403CA	0.474084038183911
ARVQ4QM1187B98AD95	0.44585463135951076
ARVQTZP1187FB40283	0.5007819858211396
ARVQZNK11E2835CDAC	0.38983303017102255
ARVSB691187FB3C711	0.5887266353072353
ARVSDB11187FB4270B	0.5557874605581772
ARVUN5F1187FB4CCC7	0.7292122740965461
ARVUQIC1187B9A7C66	0.6195309911238334
ARVVLMQ11F4C8456E4	0.5891907252881577
ARVVZ6Q1187B98D05D	0.6075624174257759
ARVX3V41187FB59E0F	0.44090474330739504
ARVXKTV1187FB44139	0.725402920778495
ARVXU2X1187B9AE6D8	0.9209596453832599
ARVZDOM1187B9B49C9	0.6767556553226441
ARVZWQ31187B9B8946	0.5989704706980472
ARW071B1187B9A603C	0.6386404057423517
ARW0YFZ1187FB442DB	0.5414049686341038
ARW0Z9V1187B9A0699	0.7227339629633907
ARW1DRV1187FB40261	0.5015653751848096
ARW1MUW1187FB4D5A1	0.8404324666171871
ARW1WST1187FB384DA	0.4643625908988418
ARW2DG51187B9A170F	0.6216169217184164
ARW2Y3Q1187FB38020	0.48787193246557115
ARW3KQ51187B9A0E0C	0.4213959728893092
ARW3V6T1187B9ACAC4	0.5513111166062027
ARW45K91187FB3DE04	0.5042187563540887
ARW45YR1187FB3DE95	0.34636806292856326
ARW4AGO1187FB4F107	0.36280014168093827
ARW63KF1187B98AC48	0.585479539749522
ARW70HR1187B9A358C	0.6592515206743365
ARW74FW1187FB554AD	0.47880444526969634
ARW8K3V1187B9A4A14	0.42864271277392924
ARW90Y31187B98FC7C	0.5583844551859157
ARW9DSD1187B9A0345	0.5150335835903505
ARW9FP41187B98C2A7	0.8065804113273366
ARW9LQ31187FB4336D	0.7696873177723957
ARW9QSZ1187FB4B93E	0.7390474237450853
ARW9SN11187FB52D0D	0.6453169736181555
ARWADDH1187B98FDBB	0.5013683431967768
ARWB3G61187FB49404	0.5899030222694012
ARWBL9E1187FB4E695	0.5100755413889252
ARWBYIR11F4C83B3FE	0.3292364989297267
ARWC1WN1187FB516CE	0.625190484531311
ARWC3XN1187B9A8D82	0.5956609047408887
ARWD3OC1187FB3A666	0.769944259081756
ARWDDAE11F4C844B57	0.44670043669087717
ARWDGQW1269FCCF0F6	0.045995692941051415
ARWF1KM1187B9908CA	0.543971486595895
ARWGIFV1187B989947	0.6270717007354468
ARWGLPE1187FB3E54C	0.6938838526148974
ARWGY6U1187B98B228	0.49624473660552987
ARWI6LR1187FB46E9F	0.5714228015866021
ARWIGX11187FB3AC96	0.4438248136598239
ARWIHGT1269FCCF034	0.04459591525698877
ARWIMT21187B9B5AEC	0.5340443782773687
ARWIN9D1187B98E544	0.500510256360053
ARWJAQ81187FB46F73	0.6000915236898566
ARWJEOP1187B996538	0.4931259567412099
ARWJHW61187B98FA8E	0.5419683747338633
ARWK5QH1187B9A9B7F	0.8426363334636361
ARWKLB91187B992270	0.42463056463469434
ARWLJLY1187B9AD881	0.4910501682957887
ARWLUAI11F4C840637	0.3342834348232057
ARWNGWU124207838D7	0.4151403678952871
ARWNJYQ1187FB56F25	0.5724826177782087
ARWNRBH1187B9B7E68	0.45567977854361785
ARWOGTM11F4C83E795	0.4420824802425576
ARWPYQI1187FB4D55A	0.7549176454508227
ARWQ2DR1187B98FF28	0.5071108485113439
ARWQ3M31187FB4CF01	0.7011187444188275
ARWQ3W11187FB3F35E	0.552742313522791
ARWRS4D1187FB3FCD4	0.508440336157874
ARWSISA1187B9AAC01	0.5362839890004534
ARWSMNZ1269FCD10FC	0.08508104579009625
ARWSPAI12420782828	0.34688385946705835
ARWTWYV1187B996D8B	0.510577267623518
ARWUK9L11C8A42C37B	0.47902340973675245
ARWV0Q11187FB4CDCE	0.5889320858529523
ARWVOHH1187FB5974B	0.7194922912635939
ARWWPKQ11F4C83D8E2	0.6101863097649284
ARWX7AO1187B9B91AA	0.5714024288978798
ARWXHRS1241B9C7A1E	0.42562724003042296
ARX134S1187FB46E56	0.6465181300204232
ARX2DLI1187FB4DD03	0.7248644815196338
ARX2R5A1187FB5B85B	0.447913957610236
ARX83ZF1187FB3B66A	0.28171429834299266
ARX8PZU1187B9AA7E2	0.43761628416160403
ARX9YIP1187B98A656	0.6869889546292448
ARXAFO11187B9AEBFE	0.6463745103909111
ARXAHU31187B9B1520	0.49667947004030166
ARXB7B21187B98BEF0	0.5706096582245511
ARXBOZ01187FB38261	0.8306423173947309
ARXCUQE1187B9ADD91	0.4080719105619905
ARXF42D1187B9AC71F	0.5167988049811789
ARXFWVC1187B98ED6B	0.5299612162162091
ARXFY0N11C8A423D05	0.3854302511683772
ARXG6L11187FB5695E	0.6796542390260255
ARXGASQ1187FB3C727	0.6554834784453758
ARXGVSB11F4C842CF3	0.0749594927428736
ARXGWZP11F4C83C075	0.5011449957525855
ARXHWL31187FB476F4	0.588278825524752
ARXI7WU1187FB4D75E	0.6478348400058205
ARXJSHW1187B9A2A52	0.48592128572111515
ARXK4YK1187FB4D0C4	0.6876196662345889
ARXKPYC11E2835E356	0.43021459654390676
ARXKRVF11E2835D266	0.4438491869741072
ARXLMH011C8A415658	0.8679511927983999
ARXLOGT1187FB45068	0.493486473128519
ARXLX5L1187FB47BED	0.5402798924016082
ARXOKNT1187B9AA521	0.5433500129660529
ARXPPEY1187FB51DF4	0.8665203198102411
ARXQZPD122988F57B8	0.5837053355322338
ARXRVY51187B99E98E	0.5192460362738505
ARXSABJ1187FB3C336	0.8216973167394691
ARXSABR11E8A2E29BF	0.5354732424642394
ARXTM8U1187B99F200	0.5463104236993335
ARXTUHV1187B99268F	0.4230653284425563
ARXUCPO12086C169A4	0.2916735349936803
ARXUT4W1187FB48BEB	0.5975412179723806
ARXVADV12086C1203C	0.6659641451789359
ARXW2MN1187B9B8817	0.6192606048777783
ARXWBOL11E2835E5BB	0.4212345893805977
ARXZP9T1187FB4565D	0.3462368107029975
ARY02GH1187B99B223	0.6391653180567353
ARY0W1O1187FB5B8C0	0.6142758429530866
ARY0XD81187FB5CF38	0.5891362695784569
ARY1K701187B9A43A9	0.49244072824952
ARY1QJF1187B98EF3F	0.4798646797866982
ARY2ZUX1187B9A266C	0.6583492153531787
ARY4EC01187B9AA3EC	0.5133176536709401
ARY4M3J1187B9AC94C	0.5187439585798745
ARY53RR1187B9AE485	0.941896454523691
ARY55LO1187B9A3F17	0.8335903350968519
ARY5TFK1187B9BA2BD	0.5828372732908653
ARY6TWP1187FB58A0D	0.3091239772490779
ARY7DVZ1187FB58433	0.5162582580815553
ARY80281187FB3E380	0.6553591154261498
ARY8LJ11187FB4019B	0.6477690631022126
ARY8UIR1187B999BFB	0.05922961656618904
ARYAEI81187FB3822D	0.5576519965692474
ARYAOUL12454A3789B	0.3162516066928359
ARYB42B1187FB37B01	0.48820685104705724
ARYBP3U1187B9B3A4C	0.43910038913978855
ARYC2P31187B9B9AB7	0.5623863004235417
ARYC4561187FB4F2B1	0.4813360480067023
ARYDFJA1241B9CBFF2	0.31385115159841964
ARYFAT91187B99FEF5	0.591940610279424
ARYFHBH1257509D340	0.07717686734645086
ARYFXQ21187FB4DAEF	0.5772285027779873
ARYG6CU1187FB3852B	0.6528013549210473
ARYGSFW1187FB519B1	0.6617660914743826
ARYGXKQ11E2835CE3B	0.7437924976420915
ARYIQQN1187FB55196	0.28219106774534153
ARYJ6RP1187B9B3827	0.5447494894552873
ARYJA8S1187B9AA816	0.5090476696745728
ARYJQMV1257509E6B0	0.5371448834821404
ARYKF861187B99C74B	0.38541744679271267
ARYKFVV1187FB3CA6B	0.32197509925246204
ARYKXSD1187B9A4DAD	0.4800621144555108
ARYLQVR11F50C4EFC2	0.7678150638653863
ARYML1P1187B9AF39B	0.7078399684415906
ARYN8YT1187FB38396	0.49019363397840465
ARYNX5Z1187B999686	0.5916020057286843
ARYO9BU1187B9ADA88	0.8302522617224859
ARYOBYD1241B9C87F8	0.4524929218164785
ARYQQY31187B9ABBE1	0.5548518975261917
ARYR56R1187FB3DEEE	0.4969050610443408
ARYS9L21187FB367E4	0.5886674865711281
ARYSHL01187B9AAEC7	0.3832942263358359
ARYSHWJ1187B9AD2D0	0.598332500361939
ARYTTQW1187B9BA487	0.5289321621723548
ARYUHNV1187FB482AF	0.3272331914161043
ARYV1OT1187B9B4C8E	0.4874456479269531
ARYVGP31187B9A531A	0.7402507211031717
ARYWCFZ11E2835CFDD	0.49468141699642837
ARYXBCS1250940B844	0.25558529206134484
ARYXGST1187B991071	0.5335043143417373
ARYXJ5A1187B9B9E56	0.6058740493326593
ARYXOV81187B99831D	0.6091819919205147
ARYYCVC1187B9A8510	0.6375210504152117
ARYZGN21187B98D5D6	0.5197341973984969
ARYZQIU1187FB4BBF8	0.3305207625085287
ARZ02US1187FB430BD	0.5831440703154909
ARZ0LFY1187FB4FE17	0.5204200530944023
ARZ0SAE1187FB46680	0.30438919237646345
ARZ185I1187FB5B8C5	0.5310108259424263
ARZ1PTN1187B9967D9	0.5836464346551571
ARZ3U0K1187B999BF4	0.6062679269420722
ARZ4UWR1187FB41898	0.5688973465709722
ARZ4Y2H1187FB3C36F	0.6268213269397005
ARZ507V1187FB4425E	0.5542264666164733
ARZ5LST1187FB5BF3D	0.5665379919676716
ARZ5T871187B9A03F3	0.44233476355461765
ARZ78EG1187FB4638E	0.3982187703864674
ARZ7IH41187FB3B8F5	0.47740331697195276
ARZ8IPU1187FB38846	0.5378441563336069
ARZ8S071187B993849	0.41286748803742285
ARZ96PB1187B98F5C9	0.7490298749983422
ARZAHDN1187B9B4BED	0.6491557735314687
ARZBOES1187FB40178	0.6038437649241952
ARZBYDY1187FB46DD7	0.6168845440365633
ARZCNRW11F50C4A630	0.5184423040510363
ARZCXO91187FB53708	0.782555689040213
ARZDYBC1187B9A3142	0.291433259678306
ARZE0AG1187FB5BF61	0.5431614231048449
ARZEA421187FB5B5BA	0.5045657618752406
ARZEJOT126E2B406FD	0.4862200589790597
ARZENOX1187B98A645	0.8379479091893888
ARZFAGI12420783C02	0.3108524109487159
ARZFR3S1187FB3D659	0.1963120599843201
ARZFRQM1187B9A9772	0.5708253226408206
ARZH0R61187FB422AE	0.5589162440267129
ARZHUJU1187FB51176	0.5931192721027791
ARZIKR01187B98DF08	0.5030023057537399
ARZJ4MI1187B9AF5AF	0.7841439647957018
ARZKUQI11F4C8467A5	0.5311244928926967
ARZL6CE1187FB3F264	0.6792921844437226
ARZLCTV1241B9C4D46	0.49823007193913954
ARZLX2S1187B991A47	0.41851772075700366
ARZO73F1187FB4BF23	0.585735487898916
ARZP2M21187FB59C63	0.5451276081549874
ARZQ6SW1187B9AD3E2	0.5831076361289791
ARZQ7QA1187B9AD08B	0.8319289485282608
ARZQSNO1187FB5BBAB	0.5602156477144903
ARZRR0M1187FB3EE0A	0.7378938716589328
ARZS5VW1187FB567E8	0.6749702930475524
ARZSFIJ1187B98B8BC	0.3569906982225354
ARZVJ641187FB36FA4	0.35442465023199426
ARZVTZN1187FB579D4	0.6242524993308587
ARZVZRN1241B9C4B14	0.4340625074776102
ARZWPWP1241B9CA793	0.6954222853592201
ARZXVY01187B9972EC	0.4190837765958047
ARZY28S1187FB40BAB	0.5080366162448481
